Routes,Links
Bangalore to Kozhikode,https://www.redbus.in/bus-tickets/bangalore-to-kozhikode
Kozhikode to Ernakulam,https://www.redbus.in/bus-tickets/kozhikode-to-ernakulam
Kozhikode to Bangalore,https://www.redbus.in/bus-tickets/kozhikode-to-bangalore
Ernakulam to Kozhikode,https://www.redbus.in/bus-tickets/ernakulam-to-kozhikode
Kozhikode to Thrissur,https://www.redbus.in/bus-tickets/kozhikode-to-thrissur
Mysore to Kozhikode,https://www.redbus.in/bus-tickets/mysore-to-kozhikode
Kozhikode to Mysore,https://www.redbus.in/bus-tickets/kozhikode-to-mysore
Bangalore to Kalpetta (kerala),https://www.redbus.in/bus-tickets/bangalore-to-kalpetta
Thrissur to Kozhikode,https://www.redbus.in/bus-tickets/thrissur-to-kozhikode
